<?xml version="1.0" encoding="UTF-8"?>
<!-- Copyright (C) 2020-2024  The DOSBox Staging Team -->
<component type="desktop">
  <id>io.github.dosbox-staging</id>
  <metadata_license>CC0-1.0</metadata_license>
  <project_license>GPL-2.0-or-later</project_license>
  <name>DOSBox Staging</name>
  <summary>DOS/x86 emulator with advanced features</summary>
  <description>
    <p>
      DOSBox Staging is a modern continuation of DOSBox with advanced features and current development practices. It emulates an Intel x86 PC running the MS-DOS operating system with the primary aim of running games, but most application programs will work as well.

      It is meant as a (mostly) drop-in replacement for older DOSBox versions. Your existing configurations will continue to work, but you will have access to many advanced features.

      For the full list of supported features, please visit the DOSBox Staging website.
    </p>
  </description>
  <screenshots>
    <screenshot type="default">
      <caption>DOSBox Staging window (splash screen)</caption>
      <image type="source" width="660" height="535">https://www.dosbox-staging.org/gnome-splash-screen.png</image>
    </screenshot>
    <screenshot>
      <caption>DOSBox Staging window</caption>
      <image type="source" width="660" height="535">https://www.dosbox-staging.org/gnome-init-screen.png</image>
    </screenshot>
    <screenshot>
      <caption>Heroes of Might and Magic 2 (1996), pixel-perfect</caption>
      <image type="source" width="1920" height="1080">https://www.dosbox-staging.org/homm2-pp-2x2.png</image>
    </screenshot>
    <screenshot>
      <caption>Wolfenstein 3D (1992), pixel-perfect</caption>
      <image type="source" width="1920" height="1080">https://www.dosbox-staging.org/wolf3d-pp-4x5.png</image>
    </screenshot>
    <screenshot>
      <caption>Battle Chess (1988), sharp-bilinear scaling</caption>
      <image type="source" width="1920" height="1080">https://www.dosbox-staging.org/bc.png</image>
    </screenshot>
  </screenshots>
  <categories>
    <category>Emulator</category>
  </categories>
  <releases>
	  <!-- add on the day of release    <release version="0.81.2" date="2024-07-21"/> -->
    <release version="0.81.1" date="2024-05-12"/>
    <release version="0.81.0" date="2024-02-14"/>
    <release version="0.80.1" date="2023-01-06"/>
    <release version="0.80.0" date="2022-12-20"/>
    <release version="0.79.1" date="2022-09-30"/>
    <release version="0.79.0" date="2022-09-19"/>
    <release version="0.78.1" date="2022-01-07"/>
    <release version="0.78.0" date="2021-12-25"/>
    <release version="0.77.1" date="2021-08-28"/>
    <release version="0.77.0" date="2021-07-02"/>
    <release version="0.76.0" date="2020-12-03"/>
    <release version="0.75.2" date="2020-10-26"/>
    <release version="0.75.1" date="2020-07-19"/>
    <release version="0.75.0" date="2020-05-06"/>
  </releases>
  <provides>
    <binary>dosbox</binary>
  </provides>
  <recommends>
    <control>keyboard</control>
    <control>pointing</control>
    <control>console</control>
    <control>gamepad</control>
  </recommends>
  <launchable type="desktop-id">dosbox-staging.desktop</launchable>
  <developer_name>The DOSBox Staging Team</developer_name>
  <update_contact>dreamer.tan@gmail.com</update_contact>
  <url type="homepage">https://www.dosbox-staging.org/</url>
  <url type="bugtracker">https://github.com/dosbox-staging/dosbox-staging/issues</url>
  <content_rating type="oars-1.0"/>
</component>
